Actual,Predicted_LR,Predicted_RF
0.6,0.5013161489515783,0.5999999999999975
2.27,2.123347861847293,2.2699999999999947
18.18,17.95176532547791,18.179999999999936
2.27,2.1202804785517104,2.2699999999999947
0.75,0.5092405213032913,0.75
1.82,1.7956152478271488,1.8199999999999974
0.8,0.6041618582413602,0.8000000000000012
1.82,1.7575042541497146,1.8199999999999974
6.76,7.161119635065995,6.759999999999992
0.4,0.5430659693769089,0.40000000000000135
0.2,0.5764476786756605,0.20000000000000032
1.2,0.8527091257312951,1.1999999999999955
5.41,5.704004174296808,5.409999999999996
5.45,5.73574668461975,5.450000000000024
0.6,0.5162954893828893,0.5999999999999976
6.82,7.222130966501512,6.820000000000002
1.0,0.7361083237407886,1.0
0.5,0.5313820101897555,0.5
5.45,5.7371015358843565,5.450000000000024
4.55,4.748189849409926,4.549999999999983
5.45,5.7338323335927575,5.450000000000024
2.73,2.577885765978611,2.7300000000000155
0.4,0.37881545086652846,0.40000000000000135
15.15,14.896611322929143,15.15000000000006
5.41,5.667840373493957,5.409999999999996
4.05,4.196389341780162,4.049999999999987
15.15,14.898342663308046,15.15000000000006
12.12,11.860461918959292,12.119999999999932
4.55,4.740562896981207,4.549999999999983
4.55,4.767400605247728,4.549999999999984
1.5,1.05786216941907,1.5
5.45,5.740386949232102,5.450000000000024
0.3,0.5858095458408634,0.29999999999999877
4.55,4.750341904857436,4.549999999999984
10.14,10.856908723047196,10.140000000000049
0.2,0.5822235428131322,0.20000000000000032
1.82,1.6669829998725367,1.8199999999999974
3.41,3.2286117848850076,3.4100000000000006
0.4,0.3845276865583296,0.40000000000000135
0.75,0.5227566486023401,0.75
12.12,11.855638050257022,12.119999999999933
1.0,0.7339508211066028,1.0
2.73,2.564548823824783,2.7300000000000155
6.76,7.151799315663052,6.759999999999992
1.82,1.7702287343237821,1.8199999999999974
0.6,0.528575319882699,0.5999999999999976
2.73,2.778465964525738,2.7300000000000155
5.41,5.672897953700681,5.409999999999996
3.41,3.2464875279477234,3.4100000000000006
1.0,0.7528384156727013,1.0
2.73,2.553184650975831,2.7300000000000155
1.82,1.6717420015985587,1.8199999999999974
1.0,0.7368222361183965,1.0
1.2,0.8575272334888018,1.1999999999999955
0.4,0.3777144200421647,0.40000000000000135
9.09,8.81970325393921,9.089999999999968
0.8,0.6139824468605974,0.8000000000000012
0.4,0.5551341748533085,0.40000000000000135
0.8,0.6071886361796928,0.8000000000000012
15.15,14.90627736514963,15.15000000000006
2.27,2.1120353303632657,2.2699999999999947
1.36,1.223321561532086,1.3600000000000079
9.09,8.821173802605461,9.089999999999968
0.4,0.3739698000772398,0.40000000000000135
3.64,3.7539386807361614,3.639999999999987
18.18,17.940105313052797,18.179999999999936
0.4,0.39854737133138585,0.40000000000000135
6.82,7.222607876566207,6.820000000000002
1.82,1.6807322093216568,1.8199999999999974
2.73,2.7673490646565972,2.7300000000000155
1.82,1.7808757710425964,1.8199999999999974
0.91,0.7715395142776438,0.9099999999999971
1.2,0.8624517711720179,1.1999999999999955
1.82,1.7672494204979867,1.8199999999999972
15.15,14.883395467852576,15.15000000000006
0.6,0.5198914768933394,0.5999999999999975
18.18,17.931622966586293,18.179999999999936
15.15,14.895187607483535,15.15000000000006
3.41,3.2340826002743324,3.4100000000000006
4.55,4.7462195300497845,4.549999999999983
3.41,3.229563821397015,3.4100000000000006
10.14,10.857526087148702,10.140000000000049
6.06,5.774476106166377,6.059999999999967
2.27,2.0997513065590403,2.2699999999999947
6.06,5.78489924322666,6.059999999999967
0.2,0.6011948341850051,0.20000000000000032
3.41,3.25445615347149,3.4100000000000006
2.73,2.7578518151713194,2.7300000000000155
2.7,2.7138557090733153,2.6999999999999944
0.4,0.5719115428076522,0.40000000000000135
12.12,11.862007209063734,12.119999999999933
0.5,0.5495555081679875,0.5
8.11,8.643141349272332,8.109999999999964
3.64,3.766985879715393,3.639999999999987
3.41,3.243931505816061,3.4100000000000006
1.82,1.6672263806934642,1.8199999999999974
18.18,17.927387875500443,18.179999999999936
10.14,10.860191197293748,10.140000000000049
9.09,8.813336929838488,9.089999999999968
0.2,0.5795842960582265,0.20000000000000032
3.41,3.225116774287831,3.4100000000000006
15.15,14.904920135436534,15.150000000000059
18.18,17.932887001960584,18.179999999999936
5.45,5.748464319017885,5.450000000000024
1.36,1.24118634370104,1.3600000000000079
10.14,10.859235285090605,10.140000000000049
18.18,17.916117698060443,18.179999999999936
0.91,0.780279792549567,0.9099999999999971
0.5,0.5552394011941502,0.5
1.5,1.0326072910535289,1.5
2.7,2.7081925102736615,2.699999999999995
0.4,0.39844563507643116,0.40000000000000135
2.7,2.696806707679758,2.6999999999999944
4.55,4.760824789829774,4.549999999999983
3.41,3.2310433877923037,3.4100000000000006
4.55,4.751037269847494,4.549999999999983
1.5,1.0342183769176398,1.5
2.27,2.104723388795863,2.2699999999999947
1.2,0.8517760610494434,1.1999999999999955
12.12,11.848357660214086,12.119999999999932
0.5,0.5305315075900232,0.5
1.2,0.8562892047408956,1.1999999999999955
5.41,5.680071124987441,5.409999999999996
5.45,5.7400022979020395,5.450000000000024
4.05,4.203449362908666,4.049999999999987
6.82,7.227241225977031,6.820000000000002
0.5,0.5493563543461581,0.5
2.73,2.561831115615987,2.7300000000000155
1.36,1.249185507386834,1.3600000000000079
4.55,4.738745189159844,4.549999999999983
0.6,0.5226477674618533,0.5999999999999976
2.7,2.7270640548279137,2.699999999999995
0.75,0.5051874076823699,0.75
1.0,0.7434925157350705,1.0
2.7,2.716065587455077,2.6999999999999944
0.91,0.7908322345762229,0.9099999999999971
6.06,5.78201314934635,6.059999999999967
0.6,0.5087018957701543,0.5999999999999976
22.73,22.488531839649326,22.729999999999965
1.82,1.6731437944441452,1.8199999999999974
5.41,5.684580157239994,5.409999999999996
22.73,22.478313982100644,22.729999999999965
2.27,2.1063244707005695,2.2699999999999947
0.2,0.5714637972222629,0.20000000000000032
0.4,0.3933570818677463,0.40000000000000135
2.73,2.749230104777392,2.7300000000000155
3.41,3.2304640790138106,3.4100000000000006
10.14,10.861700615557393,10.140000000000049
0.91,0.7846798123482377,0.9099999999999971
15.15,14.882926070199055,15.150000000000059
0.6,0.5448781929257995,0.5999999999999976
0.3,0.5640815723570318,0.29999999999999877
8.11,8.632137849004963,8.109999999999964
2.73,2.565458043959161,2.7300000000000155
2.27,2.097712338445947,2.2699999999999947
2.73,2.5739200201008026,2.7300000000000155
0.5,0.5543474409021885,0.5
9.09,8.822844902269392,9.089999999999968
4.55,4.758244442720079,4.549999999999983
6.06,5.777801923645914,6.059999999999967
6.06,5.776380319820685,6.059999999999967
1.82,1.6761713829031297,1.8199999999999974
0.8,0.637847991386236,0.8000000000000012
3.64,3.773634725501529,3.639999999999987
1.82,1.76999780169254,1.8199999999999974
6.82,7.2121998146836965,6.820000000000002
2.73,2.5537775468618027,2.7300000000000155
0.6,0.520968161554415,0.5999999999999975
0.6,0.5057895822834526,0.5999999999999976
2.73,2.5711842030573293,2.7300000000000155
18.18,17.940500230075134,18.179999999999936
1.36,1.2240735525551827,1.3600000000000079
0.3,0.5675128639538158,0.29999999999999877
3.41,3.2377793471998455,3.4100000000000006
5.41,5.680567841577726,5.409999999999996
5.41,5.677843495693911,5.409999999999996
1.82,1.7644550469750033,1.8199999999999972
22.73,22.481009102315934,22.729999999999965
15.15,14.891289454951274,15.15000000000006
22.73,22.48639742981378,22.72999999999997
1.0,0.744690730333613,1.0
0.8,0.6184270022308134,0.8000000000000012
3.41,3.2204691484863663,3.4100000000000006
3.41,3.225796546537998,3.4100000000000006
1.5,1.0298310575325185,1.5
2.27,2.1171927010530363,2.2699999999999947
5.41,5.671572042152157,5.409999999999996
1.82,1.7735640753863242,1.8199999999999974
18.18,17.943823140071267,18.179999999999936
4.05,4.178846790684939,4.049999999999987
1.36,1.2144797508724579,1.3600000000000079
2.73,2.554623483169458,2.7300000000000155
2.73,2.7524460465670706,2.7300000000000155
3.64,3.767265210847541,3.639999999999987
6.82,7.213823411250219,6.820000000000002
5.45,5.738153975806959,5.450000000000024
0.5,0.5282958936136897,0.5
0.3,0.5845171226368882,0.29999999999999877
3.64,3.7494185925368395,3.639999999999987
1.2,0.8623073525932226,1.1999999999999955
0.91,0.777284537209062,0.9099999999999971
9.09,8.859001411792558,9.089999999999968
1.82,1.6735302849157452,1.8199999999999974
0.75,0.5168268172763568,0.75
0.91,0.7851009239791784,0.9099999999999971
2.27,2.125243064346587,2.2699999999999947
0.5,0.5400556213519021,0.5
12.12,11.853134383117553,12.119999999999932
22.73,22.479909345684035,22.729999999999965
5.45,5.75133550281368,5.450000000000024
2.27,2.113459949584934,2.2699999999999947
0.5,0.533910556264602,0.5
5.45,5.737928494255008,5.450000000000022
6.82,7.212605298157131,6.820000000000002
8.11,8.628368730014648,8.109999999999964
2.7,2.730635081815179,2.699999999999995
0.5,0.5546655424735185,0.5
0.2,0.5837706787296426,0.20000000000000032
0.6,0.5412669176587697,0.5999999999999976
2.73,2.768275501915195,2.7300000000000155
0.2,0.5905238405820494,0.20000000000000032
0.6,0.496115758279009,0.5999999999999975
0.4,0.3997562829007206,0.40000000000000135
6.06,5.798941343577308,6.059999999999967
4.05,4.216472933045288,4.049999999999988
1.5,1.0416199311544712,1.5
1.82,1.7748686425906524,1.8199999999999972
1.5,1.0488396885725062,1.5
10.14,10.868537092627339,10.140000000000049
10.14,10.848841426915094,10.140000000000049
5.41,5.677547956163059,5.409999999999996
0.4,0.39670302896347387,0.40000000000000135
2.7,2.716782526751188,2.6999999999999944
0.6,0.5052118845498352,0.5999999999999976
0.91,0.779694237084239,0.9099999999999971
12.12,11.864489786408694,12.119999999999933
0.3,0.5688429642320978,0.29999999999999877
0.3,0.5775946937661889,0.29999999999999877
12.12,11.871914170652406,12.119999999999932
1.36,1.2256347054824608,1.3600000000000079
1.82,1.7658620245154175,1.8199999999999974
2.27,2.1093891434258834,2.2699999999999947
2.73,2.7698759178138967,2.7300000000000155
6.82,7.229341845935043,6.820000000000002
0.4,0.5659567911121153,0.40000000000000135
10.14,10.857408307264855,10.140000000000049
22.73,22.495912674862726,22.72999999999997
0.5,0.5647027513871903,0.5
15.15,14.903941362211267,15.15000000000006
18.18,17.93042252677641,18.179999999999936
6.06,5.808042333797614,6.059999999999967
0.75,0.5002304279355227,0.75
2.27,2.1005709484275226,2.2699999999999947
0.5,0.5547668726979254,0.5
2.27,2.1025500684024445,2.2699999999999947
12.12,11.850847874388243,12.119999999999932
0.6,0.514240697166497,0.5999999999999975
1.0,0.7379750261440123,1.0
2.27,2.1229957907669523,2.2699999999999947
22.73,22.482311840915916,22.729999999999965
10.14,10.85982676588911,10.140000000000049
3.64,3.7485462237276215,3.639999999999987
8.11,8.638004868339301,8.109999999999964
9.09,8.818840156844379,9.089999999999968
4.55,4.748562874958436,4.549999999999983
1.0,0.7446833960304544,1.0
0.3,0.5760879622096988,0.29999999999999877
6.06,5.781653686182502,6.059999999999967
12.12,11.863583068720931,12.119999999999932
6.82,7.213374913336151,6.820000000000002
12.12,11.860991787291727,12.119999999999933
3.41,3.227033432654689,3.4100000000000006
4.05,4.1782239764080575,4.049999999999987
2.7,2.714361272367939,2.6999999999999944
5.45,5.760529046150839,5.450000000000024
0.2,0.5993737516877866,0.20000000000000032
0.6,0.5020446767730977,0.5999999999999975
3.64,3.7572532089543182,3.639999999999987
1.2,0.8525986179289364,1.1999999999999955
2.7,2.723307467611396,2.6999999999999944
0.4,0.3923193045672102,0.40000000000000135
0.91,0.7895697303461535,0.9099999999999971
6.82,7.2140063031160935,6.820000000000002
1.0,0.7486363150067166,1.0
4.55,4.7621473008788975,4.549999999999983
12.12,11.862346700833186,12.119999999999932
0.4,0.41272753267140505,0.40000000000000135
0.6,0.5053608879021221,0.5999999999999976
4.55,4.752967536640248,4.549999999999983
0.6,0.5063409768987066,0.5999999999999975
2.73,2.550222390136424,2.7300000000000155
0.75,0.49240064783115756,0.75
6.82,7.219780078049941,6.820000000000002
4.55,4.753129119753451,4.549999999999983
1.36,1.2293816789973433,1.3600000000000079
1.82,1.7677928824415496,1.8199999999999972
5.45,5.731611168756092,5.450000000000024
1.0,0.7549959558379271,1.0
5.41,5.67244420285079,5.409999999999996
2.7,2.7288161509666757,2.6999999999999944
2.27,2.124562892784316,2.2699999999999947
0.3,0.5877099273963173,0.29999999999999877
1.0,0.7201819722836622,1.0
22.73,22.48809509354322,22.729999999999965
2.73,2.7778182747803983,2.7300000000000155
8.11,8.655473906426327,8.109999999999966
15.15,14.88951588336899,15.150000000000059
1.2,0.8486142486190817,1.1999999999999955
4.55,4.740205332769276,4.549999999999983
18.18,17.933350844319353,18.179999999999936
0.75,0.5147399034023818,0.75
0.91,0.7553730532626273,0.9099999999999971
0.91,0.7751753968778359,0.9099999999999971
1.82,1.670888223079126,1.8199999999999974
4.05,4.212583641574556,4.049999999999988
1.0,0.746840522014065,1.0
0.3,0.5818722447754681,0.29999999999999877
2.27,2.1279623444512845,2.2699999999999947
10.14,10.847380509570867,10.140000000000049
2.73,2.560746013301947,2.7300000000000155
0.6,0.4997607508474289,0.5999999999999975
2.73,2.7577150590575172,2.7300000000000155
0.2,0.6134552917589691,0.20000000000000032
6.06,5.7916171392356235,6.059999999999967
5.45,5.741265943212838,5.450000000000024
0.4,0.567889078979551,0.40000000000000135
1.36,1.2106227119550081,1.3600000000000079
1.36,1.2253127557966925,1.3600000000000079
2.27,2.1271087651019753,2.2699999999999947
3.41,3.232606392240424,3.4100000000000006
5.45,5.728065528883408,5.450000000000024
9.09,8.823686441651454,9.089999999999968
1.2,0.8719254270757841,1.1999999999999955
1.36,1.2265360099436018,1.3600000000000079
1.82,1.670787898501163,1.8199999999999974
3.41,3.221516240281085,3.4100000000000006
1.5,1.0399073941769692,1.5
2.73,2.5757014966923104,2.7300000000000155
6.82,7.205383300182131,6.820000000000002
0.3,0.5611305054129065,0.29999999999999877
0.75,0.5061369202890535,0.75
1.5,1.020192357015509,1.5
4.05,4.203078248736326,4.049999999999987
0.6,0.5347904424633514,0.5999999999999975
3.41,3.233144057002355,3.4100000000000006
2.73,2.573652095405432,2.7300000000000155
10.14,10.847840003078662,10.140000000000049
8.11,8.628480402523644,8.109999999999964
6.76,7.156917242378167,6.759999999999992
2.7,2.727237836643271,2.699999999999995
0.2,0.605609684176124,0.20000000000000032
10.14,10.858859906618488,10.140000000000049
8.11,8.639274956255447,8.109999999999964
9.09,8.831113261837771,9.089999999999968
1.36,1.227200623087068,1.3600000000000079
2.73,2.5714984359426714,2.7300000000000155
1.36,1.2154295081012512,1.3600000000000079
2.7,2.7115054548197235,2.6999999999999944
0.4,0.5793389215953777,0.40000000000000135
2.7,2.7070463023384317,2.6999999999999944
2.27,2.108471507344351,2.2699999999999947
6.06,5.7892573994555665,6.0599999999999685
1.82,1.672863954268923,1.8199999999999974
0.6,0.533329504965721,0.5999999999999975
0.91,0.7849211877657041,0.9099999999999971
0.91,0.7825727569023488,0.9099999999999971
8.11,8.649019996413035,8.109999999999964
6.82,7.231921412354893,6.820000000000002
2.73,2.557783368316225,2.7300000000000155
0.8,0.6403953667209894,0.8000000000000012
2.73,2.7682007534036863,2.7300000000000155
10.14,10.842556598637525,10.140000000000049
15.15,14.898896961585727,15.150000000000059
9.09,8.825062364861266,9.08999999999997
1.2,0.8562835550766477,1.1999999999999955
1.0,0.7146830751340261,1.0
1.82,1.7766637792215936,1.8199999999999972
9.09,8.82604136538141,9.089999999999968
12.12,11.860966317848705,12.119999999999932
22.73,22.48353308067495,22.729999999999965
18.18,17.93426076197097,18.179999999999936
0.91,0.7857611807795908,0.9099999999999971
6.82,7.223685278333506,6.820000000000002
2.73,2.5585510483553198,2.7300000000000155
2.73,2.559795673499748,2.7300000000000155
0.3,0.5840574590907766,0.29999999999999877
2.73,2.5607937548892954,2.7300000000000155
4.05,4.20276755583822,4.049999999999987
0.4,0.38365003328613945,0.40000000000000135
9.09,8.830300057960226,9.089999999999968
15.15,14.897992231553399,15.15000000000006
2.73,2.5589202731970704,2.7300000000000155
0.6,0.531265867405116,0.5999999999999975
0.5,0.5534065124144618,0.5
0.4,0.5564243899489263,0.40000000000000135
1.82,1.6834227253847174,1.8199999999999974
10.14,10.87674329472673,10.140000000000049
0.4,0.38788966573878536,0.40000000000000135
4.05,4.198170038411289,4.049999999999987
0.5,0.5435040029281133,0.5
2.7,2.7077942779204855,2.6999999999999944
4.05,4.196791668269571,4.049999999999987
0.2,0.5897170419882833,0.20000000000000032
1.0,0.7346125302466566,1.0
0.6,0.49394132115045863,0.5999999999999976
1.0,0.7381710712996794,1.0
0.3,0.5805321602211828,0.29999999999999877
1.82,1.787162115120295,1.8199999999999972
15.15,14.89948972222301,15.15000000000006
5.41,5.674507231426388,5.409999999999996
1.82,1.6678984512070505,1.8199999999999974
5.41,5.683013910054642,5.409999999999996
2.27,2.117295361799458,2.2699999999999947
5.41,5.677019646735157,5.409999999999996
6.76,7.161312969664745,6.759999999999992
2.7,2.6987709680910617,2.6999999999999944
5.45,5.7360647950749195,5.450000000000024
0.75,0.48808523914155355,0.75
1.2,0.8593631905571639,1.1999999999999955
0.2,0.5827116099591567,0.20000000000000032
6.76,7.149704283498602,6.759999999999992
2.73,2.568834854464687,2.7300000000000155
5.45,5.748134903362891,5.450000000000024
5.45,5.736198513612354,5.450000000000024
3.41,3.230219533150389,3.4100000000000006
10.14,10.864285124714392,10.140000000000049
0.5,0.5407678399977183,0.5
6.76,7.146980055032628,6.759999999999992
1.82,1.660427132770435,1.8199999999999974
9.09,8.822925195143092,9.089999999999968
3.41,3.2500143760257982,3.4100000000000006
2.73,2.775549168583705,2.7300000000000155
5.41,5.665973818155277,5.409999999999996
6.06,5.804792294865925,6.059999999999967
9.09,8.85599888358221,9.089999999999968
0.4,0.3899828187888774,0.40000000000000135
0.75,0.5008721825074076,0.75
5.45,5.721812816342263,5.450000000000024
1.82,1.66584696431477,1.8199999999999972
6.76,7.165142369614399,6.759999999999992
0.6,0.5210273493186701,0.5999999999999976
4.55,4.7515881059837,4.549999999999983
5.41,5.666469665490143,5.409999999999996
2.7,2.7225254666059158,2.6999999999999944
4.05,4.1898332470842545,4.049999999999987
0.6,0.5256655624400075,0.5999999999999976
3.41,3.234256107342584,3.4100000000000006
3.41,3.222929059461896,3.4100000000000006
3.41,3.226912853997387,3.4100000000000006
22.73,22.520490579807547,22.72999999999997
6.76,7.1755935416053855,6.759999999999992
0.75,0.5038606432747654,0.75
2.7,2.729575779954905,2.699999999999995
3.64,3.7669817516233834,3.639999999999987
3.41,3.242167383363172,3.4100000000000006
1.0,0.7437419053151073,1.0
1.36,1.225945282629894,1.3600000000000079
5.45,5.719807379853616,5.450000000000022
1.0,0.7297144024845545,1.0
9.09,8.820698314887537,9.089999999999968
1.0,0.7535358729800512,1.0
15.15,14.902422139268221,15.150000000000059
3.41,3.243486393250045,3.4100000000000006
1.2,0.8539082523420825,1.1999999999999955
2.73,2.5608351518361907,2.7300000000000155
0.2,0.5846085325926635,0.20000000000000032
0.75,0.5190669442888289,0.75
6.76,7.1584611401117835,6.759999999999992
1.5,1.0218474836703408,1.5
2.73,2.5515448390246904,2.7300000000000155
22.73,22.492173458405034,22.729999999999965
1.2,0.8551410448554306,1.1999999999999955
5.45,5.7209842404411955,5.450000000000024
0.8,0.6179919971523198,0.8000000000000012
5.45,5.7348967624152944,5.450000000000024
3.41,3.226182439477153,3.4100000000000006
0.91,0.7762429430988029,0.9099999999999971
0.6,0.5253859954922859,0.5999999999999975
18.18,17.93777223697932,18.179999999999936
8.11,8.640656709932458,8.109999999999964
0.91,0.7681619821816854,0.9099999999999971
3.64,3.7454245353409705,3.639999999999987
5.45,5.743060401678932,5.450000000000024
22.73,22.48717091354942,22.729999999999965
1.82,1.6708014776141376,1.8199999999999974
1.2,0.8613189600086755,1.1999999999999955
6.82,7.203902569311438,6.820000000000002
22.73,22.482368277023493,22.729999999999965
10.14,10.858353675399911,10.140000000000049
3.64,3.7526724150371877,3.639999999999987
0.4,0.5522709098312797,0.40000000000000135
6.06,5.817668193518428,6.059999999999967
1.2,0.8680470313584285,1.1999999999999955
6.76,7.149386072146783,6.759999999999992
2.27,2.109824997012065,2.2699999999999947
0.5,0.5310996993854218,0.5
5.41,5.684871065092913,5.409999999999996
2.73,2.768109265905285,2.7300000000000155
0.5,0.5500471960389266,0.5
12.12,11.861692623912944,12.119999999999932
1.82,1.7535010028974027,1.8199999999999972
6.82,7.212912086564659,6.820000000000002
0.5,0.5342815269038006,0.5
15.15,14.905422862903457,15.15000000000006
0.5,0.5407364717738332,0.5
0.8,0.6325662097359039,0.8000000000000012
0.6,0.5393254712058875,0.5999999999999976
0.4,0.3718128737512192,0.40000000000000135
5.41,5.671676071090445,5.409999999999996
6.82,7.229114375542864,6.820000000000002
0.91,0.7793487007634692,0.9099999999999971
0.5,0.5351611962011766,0.5
18.18,17.93754959360306,18.179999999999936
3.41,3.220448556074054,3.4100000000000006
0.4,0.39202879863403783,0.40000000000000135
4.05,4.194374475829368,4.049999999999987
6.82,7.240309445146865,6.820000000000002
0.8,0.6337772624739593,0.8000000000000012
8.11,8.646145390529707,8.109999999999964
2.73,2.5599960749686135,2.7300000000000155
10.14,10.854260837474445,10.140000000000049
1.82,1.7648346662383663,1.8199999999999974
1.2,0.8670065397129783,1.1999999999999955
0.2,0.5776683934632354,0.20000000000000032
18.18,17.91311361675883,18.179999999999936
3.64,3.751438661402292,3.639999999999987
0.3,0.5732884171909225,0.29999999999999877
1.82,1.677470751381485,1.8199999999999974
15.15,14.894653211851956,15.15000000000006
1.5,1.034516121926102,1.5
0.6,0.5183695601006004,0.5999999999999975
0.6,0.5064305407122989,0.5999999999999975
0.3,0.5769621919609937,0.29999999999999877
2.73,2.7599336157023293,2.7300000000000155
4.05,4.194287530852955,4.049999999999987
1.82,1.6677288330870499,1.8199999999999972
5.41,5.687534762994167,5.409999999999996
1.82,1.6714763116240108,1.8199999999999974
1.36,1.2291665349526073,1.3600000000000079
6.76,7.1542789409171075,6.759999999999992
0.91,0.7862569940257256,0.9099999999999971
8.11,8.634031437264522,8.109999999999964
5.41,5.684541325784613,5.409999999999996
0.6,0.49398408320087217,0.5999999999999975
2.73,2.7517725480523736,2.7300000000000155
15.15,14.902844852744302,15.15000000000006
0.91,0.7814172429508406,0.9099999999999971
2.27,2.1157377616164457,2.2699999999999947
1.82,1.7823046358709131,1.8199999999999974
2.27,2.122710891035664,2.2699999999999947
12.12,11.873951997706193,12.119999999999933
3.41,3.2151260979855767,3.4100000000000006
8.11,8.639669170783764,8.109999999999964
0.5,0.5357479294884957,0.5
1.82,1.6632206163366816,1.8199999999999974
3.64,3.764103244922798,3.639999999999987
12.12,11.862903210680031,12.119999999999932
4.55,4.744153894130495,4.549999999999983
0.8,0.6349517752658693,0.8000000000000012
0.91,0.7893109316077522,0.9099999999999971
4.55,4.7410144842079776,4.549999999999983
4.55,4.737164199756446,4.549999999999983
1.82,1.6714063371596883,1.8199999999999974
1.82,1.6904646845170852,1.8199999999999974
0.75,0.5039927385799263,0.75
1.36,1.2287890300002338,1.3600000000000079
0.6,0.5349270576878613,0.5999999999999976
5.45,5.717698772659197,5.450000000000024
2.7,2.7130118561520655,2.6999999999999944
6.06,5.7812024423508905,6.059999999999967
0.5,0.5456887453326766,0.5
1.5,1.0362084622339545,1.5
12.12,11.845612367990153,12.119999999999932
8.11,8.633311583946442,8.109999999999964
6.76,7.162768103407847,6.759999999999992
0.8,0.6389100850689688,0.8000000000000012
12.12,11.86067876558971,12.119999999999932
0.8,0.6343772594570467,0.8000000000000012
3.41,3.239193861637685,3.4100000000000006
2.73,2.761911535194351,2.7300000000000155
15.15,14.900245253248684,15.150000000000059
2.73,2.575143244930071,2.7300000000000155
10.14,10.83993140884142,10.140000000000049
5.41,5.676993431603933,5.409999999999996
0.6,0.5142561361941951,0.5999999999999975
4.55,4.739685308637364,4.549999999999983
1.82,1.672794577425118,1.8199999999999974
2.73,2.7499131976365314,2.7300000000000155
0.3,0.5818041655431463,0.29999999999999877
0.3,0.5836333497237645,0.29999999999999877
0.75,0.5246096059553205,0.75
18.18,17.922302136368543,18.179999999999936
0.2,0.5811185469327347,0.20000000000000032
12.12,11.86613297886661,12.119999999999932
0.4,0.38257124358601935,0.40000000000000135
3.64,3.746031339453052,3.639999999999987
10.14,10.872738559296725,10.140000000000049
6.06,5.78602209937685,6.059999999999967
1.36,1.2376331081252592,1.3600000000000079
0.5,0.5326170375066823,0.5
1.0,0.723151618361277,1.0
1.5,1.0516238138136744,1.5
2.27,2.122226649029443,2.2699999999999947
0.91,0.7945783761824883,0.9099999999999971
0.6,0.548363643363091,0.5999999999999976
6.06,5.7999655060879025,6.059999999999967
15.15,14.885353186334545,15.15000000000006
6.06,5.784608796843826,6.059999999999967
0.4,0.5545949598918689,0.40000000000000135
0.6,0.4943016743283266,0.5999999999999976
1.82,1.677199209128498,1.8199999999999974
6.76,7.1538198032804665,6.759999999999992
2.27,2.136671522956507,2.2699999999999947
1.36,1.2229731367836796,1.3600000000000079
2.73,2.7578360939531557,2.7300000000000155
0.6,0.5302039326775363,0.5999999999999976
1.82,1.780067983274281,1.8199999999999974
0.4,0.5637226832285345,0.40000000000000135
12.12,11.886264518944913,12.119999999999937
15.15,14.901027978801103,15.15000000000006
6.82,7.228953826006172,6.820000000000002
2.7,2.721794039885208,2.6999999999999944
0.8,0.6283450448457515,0.8000000000000012
18.18,17.922304670614345,18.179999999999936
15.15,14.897590858543907,15.15000000000006
1.36,1.2182830188382554,1.3600000000000079
1.82,1.7655073067468496,1.8199999999999974
0.75,0.5064332741404067,0.75
6.82,7.20669967276354,6.820000000000002
1.0,0.7413908530733013,1.0
6.06,5.796544483327724,6.059999999999967
15.15,14.893507797419968,15.15000000000006
2.73,2.5580947861969285,2.7300000000000155
18.18,17.92461209130429,18.179999999999936
4.05,4.201373333791202,4.049999999999988
0.2,0.5946507747865812,0.20000000000000032
1.82,1.7714851035550891,1.8199999999999974
0.6,0.528966769015466,0.5999999999999975
0.75,0.5103964131924981,0.75
8.11,8.632530810883036,8.109999999999964
8.11,8.617680549027328,8.109999999999964
0.75,0.49764487367625954,0.75
0.8,0.6190261584078076,0.8000000000000012
0.6,0.5614105636694751,0.5999999999999976
6.76,7.167780333107546,6.759999999999992
1.82,1.7748519519280808,1.8199999999999974
2.27,2.1139773658743257,2.2699999999999947
0.6,0.5524892430908626,0.5999999999999976
18.18,17.916735561837434,18.179999999999936
6.76,7.161011146177433,6.759999999999992
18.18,17.937475168848724,18.179999999999936
18.18,17.939694316253338,18.179999999999936
18.18,17.92654740154441,18.179999999999936
3.64,3.760858451691222,3.639999999999987
1.2,0.8577634914069416,1.1999999999999955
10.14,10.867568585572995,10.140000000000049
1.2,0.8559512477878797,1.1999999999999955
2.73,2.561131003548535,2.7300000000000155
6.76,7.1799869619151435,6.759999999999992
0.91,0.7756862408032648,0.9099999999999971
0.2,0.5909950160767954,0.20000000000000032
0.75,0.5049035408458993,0.75
4.05,4.1928136808250445,4.049999999999987
2.73,2.560827572822348,2.7300000000000155
0.91,0.7850653507892846,0.9099999999999971
22.73,22.488071537413006,22.729999999999965
2.7,2.688799668093041,2.699999999999995
0.6,0.5165822099763835,0.5999999999999975
0.8,0.6328007243350688,0.8000000000000012
3.64,3.7539627496280135,3.639999999999987
0.4,0.3907447931044761,0.40000000000000135
0.2,0.592242985795564,0.20000000000000032
0.6,0.5329787555320165,0.5999999999999976
2.7,2.717387686895762,2.699999999999995
5.41,5.688150685767157,5.409999999999996
18.18,17.93873606241742,18.179999999999936
4.55,4.740961305406909,4.549999999999983
15.15,14.89734264328428,15.15000000000006
2.73,2.7602717814852005,2.7300000000000155
1.0,0.7396102056264096,1.0
3.41,3.236837878627999,3.4100000000000006
8.11,8.652482886088595,8.109999999999964
2.73,2.5500422731967998,2.7300000000000155
6.82,7.23060556161878,6.820000000000002
2.73,2.785893031405505,2.7300000000000155
6.76,7.159778938979391,6.759999999999992
0.2,0.568133779558174,0.20000000000000032
8.11,8.63266487408918,8.109999999999964
1.36,1.2181597882937711,1.3600000000000079
0.4,0.5494226728065126,0.40000000000000135
1.2,0.8561460328569055,1.1999999999999955
0.5,0.5501377397767531,0.5
2.73,2.757611534220118,2.7300000000000155
1.82,1.6634835143265931,1.8199999999999974
3.64,3.7564074293185756,3.639999999999987
2.73,2.7773092587188923,2.7300000000000155
2.7,2.707797548191062,2.6999999999999944
1.5,1.040129019001744,1.5
0.3,0.5779508779709142,0.29999999999999877
2.73,2.545861075142993,2.7300000000000155
0.4,0.37277179887142253,0.40000000000000135
9.09,8.845551256505402,9.089999999999968
5.41,5.671576961491043,5.409999999999996
0.5,0.5334836283406545,0.5
0.4,0.376262356898196,0.40000000000000135
6.76,7.181609945737858,6.759999999999992
1.2,0.8636213071338794,1.1999999999999955
12.12,11.867252103218036,12.119999999999932
1.2,0.8607742228651083,1.1999999999999955
1.2,0.8665528197200576,1.1999999999999955
4.55,4.740617647449399,4.549999999999983
0.5,0.5548954050840047,0.5
0.75,0.4963543826632941,0.75
18.18,17.916882717827566,18.179999999999936
0.6,0.5058213232212534,0.5999999999999975
0.6,0.5280789970485937,0.5999999999999976
1.2,0.8671625962454579,1.1999999999999955
1.5,1.0273386715609796,1.5
3.64,3.7626115181199364,3.639999999999987
0.75,0.5391777628759025,0.75
8.11,8.61792022407521,8.109999999999964
18.18,17.9270194689814,18.179999999999936
1.82,1.6654820710314548,1.8199999999999974
1.82,1.7812564046138886,1.8199999999999972
6.82,7.25012153203067,6.820000000000002
0.8,0.6257509623087909,0.8000000000000012
6.82,7.221949059628822,6.820000000000002
3.41,3.23000806218879,3.4100000000000006
0.91,0.7869854683744357,0.9099999999999971
9.09,8.835935487669275,9.089999999999968
0.3,0.5671542571162211,0.29999999999999877
1.82,1.6708861607932515,1.8199999999999974
0.2,0.6008374313668803,0.20000000000000032
0.6,0.49836125602819337,0.5999999999999975
1.82,1.763553589016602,1.8199999999999974
0.8,0.6357953313100433,0.8000000000000012
6.06,5.783135208589109,6.059999999999967
4.05,4.200646683730789,4.049999999999987
1.0,0.7628190037564981,1.0
8.11,8.642313543359496,8.109999999999964
1.5,1.0313359137379519,1.5
22.73,22.495643000415896,22.72999999999997
12.12,11.85915023820439,12.119999999999932
6.76,7.170426279839425,6.759999999999992
0.4,0.3871599469189766,0.40000000000000135
0.75,0.5136607915716205,0.75
1.82,1.682903079241921,1.8199999999999974
3.64,3.7516436133208884,3.639999999999987
4.05,4.18767015726355,4.049999999999987
4.05,4.203980150011466,4.049999999999988
22.73,22.48790789945299,22.729999999999965
0.75,0.5125876744247799,0.75
9.09,8.809382776837676,9.089999999999968
0.4,0.4000500814044283,0.40000000000000135
0.4,0.3924136685624813,0.40000000000000135
0.2,0.5990265917976787,0.20000000000000032
5.45,5.760266381187266,5.450000000000024
1.82,1.6650751935046921,1.8199999999999974
2.73,2.7663139627365885,2.7300000000000155
22.73,22.499403390973384,22.729999999999965
18.18,17.937983398989868,18.179999999999936
5.41,5.669982507183218,5.409999999999996
0.75,0.5064147721339332,0.75
22.73,22.48220527958051,22.729999999999965
0.3,0.5598331262629461,0.29999999999999877
3.41,3.2167724434740634,3.4100000000000006
15.15,14.887917841986006,15.15000000000006
3.64,3.7585012195731413,3.639999999999987
1.82,1.7559926835078592,1.8199999999999974
2.27,2.135629002069967,2.2699999999999947
0.6,0.5095937468488012,0.5999999999999975
15.15,14.922743178941662,15.150000000000059
3.41,3.2364623199814155,3.4100000000000006
6.82,7.227208392557878,6.820000000000002
3.64,3.75390685511913,3.639999999999987
0.8,0.6235004426392958,0.8000000000000012
1.0,0.7302172170286672,1.0
22.73,22.49212069710605,22.729999999999965
0.6,0.5069865037666492,0.5999999999999975
10.14,10.866555218456508,10.140000000000049
22.73,22.481859227777655,22.729999999999965
0.4,0.5607453214358724,0.40000000000000135
3.64,3.737697903927763,3.639999999999987
2.73,2.7669236008882967,2.7300000000000155
6.82,7.216543955563021,6.820000000000002
1.0,0.7420384990994866,1.0
4.05,4.210730589446249,4.049999999999987
0.4,0.39910541418501744,0.40000000000000135
2.73,2.5711379480129053,2.7300000000000155
0.3,0.582963686044712,0.29999999999999877
15.15,14.887315821627155,15.15000000000006
1.5,1.044810329588596,1.5
0.6,0.5310875986328396,0.5999999999999976
8.11,8.651620208211074,8.109999999999964
0.8,0.6192460629247121,0.8000000000000012
1.0,0.7386633303628027,1.0
22.73,22.48375708483917,22.729999999999965
0.4,0.39989727355895166,0.40000000000000135
5.45,5.738942653998149,5.450000000000024
22.73,22.483930407073455,22.729999999999965
4.55,4.7396437746391165,4.549999999999983
1.82,1.7696775785521344,1.8199999999999974
4.05,4.1832167933861415,4.049999999999987
0.8,0.6286730365585846,0.8000000000000012
3.41,3.221425406429182,3.4100000000000006
10.14,10.867318424819542,10.140000000000049
0.5,0.5423644878965526,0.5
0.91,0.7781958825533635,0.9099999999999971
0.6,0.5285506732983949,0.5999999999999975
1.36,1.216643262005117,1.3600000000000079
12.12,11.86805727954696,12.119999999999932
0.3,0.5621866294572344,0.29999999999999877
12.12,11.850245276173673,12.119999999999932
15.15,14.919791325462679,15.150000000000059
6.76,7.172523083548021,6.759999999999992
3.64,3.754875005542977,3.639999999999987
0.2,0.5893376980893583,0.20000000000000032
0.3,0.5970828981022889,0.29999999999999877
0.75,0.5046729557541276,0.75
2.73,2.5663531261137056,2.7300000000000155
0.2,0.5926440434254232,0.20000000000000032
0.8,0.6201761531742394,0.8000000000000012
0.4,0.5321944257561544,0.40000000000000135
0.6,0.4985686704279253,0.5999999999999975
3.41,3.2386357615924495,3.4100000000000006
0.4,0.39120416798162694,0.40000000000000135
22.73,22.499429011586752,22.729999999999965
0.91,0.7852228010938891,0.9099999999999971
2.73,2.5573725942892467,2.7300000000000155
12.12,11.857754723943003,12.119999999999932
15.15,14.8915192950674,15.15000000000006
2.73,2.5668784311185284,2.7300000000000155
5.41,5.6735670443287045,5.409999999999996
22.73,22.479994863398318,22.729999999999965
2.27,2.1139882795556226,2.2699999999999947
1.2,0.8585614588404318,1.1999999999999955
6.06,5.767777390739685,6.059999999999967
2.73,2.563156709288809,2.7300000000000155
2.27,2.1235914060785457,2.2699999999999947
1.0,0.7446187275729241,1.0
10.14,10.855686781224666,10.140000000000049
1.0,0.7497832805498352,1.0
9.09,8.806945210669124,9.089999999999968
2.73,2.7646977762302605,2.7300000000000155
4.55,4.7438826605987146,4.549999999999983
6.06,5.7823027363930475,6.0599999999999685
4.55,4.748785248415775,4.549999999999983
0.5,0.5367997069303785,0.5
0.2,0.600992417413031,0.20000000000000032
3.64,3.7333313711363547,3.639999999999987
0.6,0.5057440233085604,0.5999999999999976
6.76,7.13980566228004,6.759999999999992
1.82,1.7730165740567418,1.8199999999999974
8.11,8.63160283873875,8.109999999999964
2.27,2.122842652056027,2.2699999999999947
0.8,0.6232336231268008,0.8000000000000012
4.55,4.746467976228775,4.549999999999983
5.45,5.726534876408166,5.450000000000024
12.12,11.852338350259753,12.119999999999932
2.27,2.131955459286827,2.2699999999999947
0.8,0.6125337397840145,0.8000000000000012
1.36,1.236277119226525,1.3600000000000079
1.82,1.7473774910000914,1.8199999999999972
9.09,8.826448307493429,9.089999999999968
0.4,0.5597672356087449,0.40000000000000135
5.45,5.728174729896731,5.450000000000024
5.41,5.673188463384829,5.409999999999996
9.09,8.81888421090008,9.089999999999968
10.14,10.863901150441354,10.140000000000049
1.82,1.7502267323473282,1.8199999999999972
10.14,10.851597446126904,10.140000000000049
0.91,0.7716589299929089,0.9099999999999971
1.5,1.0236336813999634,1.5
1.36,1.2254725210558721,1.3600000000000079
2.73,2.766587356812132,2.7300000000000155
18.18,17.934427147248684,18.179999999999936
5.41,5.702539908630812,5.409999999999996
5.45,5.740965876085232,5.450000000000024
1.82,1.7651464413047506,1.8199999999999974
6.06,5.779640522052827,6.059999999999967
1.5,1.0314673399229233,1.5
5.45,5.739246954388644,5.450000000000022
1.36,1.2266392394603267,1.3600000000000079
0.3,0.6054413452341469,0.29999999999999877
1.0,0.7435304908847624,1.0
1.5,1.0294813366206252,1.5
5.45,5.743167452452635,5.450000000000024
1.36,1.2159373372736701,1.3600000000000079
3.41,3.2204203667978772,3.4100000000000006
0.75,0.49482006078093654,0.75
3.64,3.7448503753309863,3.639999999999987
0.91,0.7877060924358896,0.9099999999999971
5.45,5.730301833311823,5.450000000000024
9.09,8.843723910402613,9.08999999999997
10.14,10.851646048088941,10.140000000000049
0.3,0.5941575711360843,0.29999999999999877
0.4,0.5680726140849899,0.40000000000000135
4.55,4.744723966890256,4.549999999999983
3.41,3.2452304160094227,3.4100000000000006
0.6,0.4966864984630881,0.5999999999999976
5.41,5.662939924033635,5.409999999999996
22.73,22.48223080883262,22.729999999999965
2.7,2.7173922788139,2.699999999999995
2.73,2.5470200351401644,2.7300000000000155
15.15,14.897787954432118,15.150000000000059
0.6,0.5307868422497171,0.5999999999999975
1.0,0.7507234491116037,1.0
1.82,1.6706074424574013,1.8199999999999974
2.7,2.709292194161665,2.6999999999999944
2.7,2.7310740751125744,2.699999999999995
2.73,2.751459618796797,2.7300000000000155
18.18,17.936848208577523,18.179999999999936
0.8,0.63027003138839,0.8000000000000012
4.05,4.191865810964883,4.049999999999988
8.11,8.629405342551589,8.109999999999964
15.15,14.878821362407422,15.150000000000059
22.73,22.496338539951314,22.729999999999965
1.82,1.7744899946259896,1.8199999999999974
5.45,5.731765070357599,5.450000000000024
1.5,1.0400520852627024,1.5
1.0,0.7479087298727753,1.0
1.2,0.8598690418538695,1.1999999999999955
12.12,11.861000749677807,12.119999999999932
0.5,0.5570642137708601,0.5
0.6,0.5094636787535878,0.5999999999999976
2.7,2.723105764030522,2.699999999999995
2.7,2.7199850821396314,2.6999999999999944
0.4,0.5438473322312483,0.40000000000000135
3.64,3.7612537436021327,3.639999999999987
10.14,10.86016621929747,10.140000000000049
1.5,1.0345575502241084,1.5
1.0,0.7406726293625772,1.0
1.0,0.7437058918483839,1.0
15.15,14.892523203272042,15.15000000000006
18.18,17.93987556775354,18.179999999999936
3.64,3.746019981391751,3.639999999999987
0.5,0.5247983900618234,0.5
1.0,0.7425660832038852,1.0
15.15,14.897597401048394,15.15000000000006
1.0,0.7409875663798773,1.0
1.5,1.0348652221068728,1.5
12.12,11.859073526588737,12.119999999999932
1.36,1.2298510748241918,1.3600000000000079
2.27,2.115943254108705,2.2699999999999947
1.5,1.0508392947926901,1.5
5.41,5.679118645560532,5.409999999999996
3.64,3.7623252513764767,3.639999999999987
1.2,0.8656877074925049,1.1999999999999955
0.4,0.39724445506621997,0.40000000000000135
1.82,1.679480677398955,1.8199999999999974
5.45,5.7351696733660305,5.450000000000024
2.73,2.7772470450364755,2.7300000000000155
1.82,1.6779660869685356,1.8199999999999974
1.82,1.6624058734010103,1.8199999999999972
0.6,0.5265020351358132,0.5999999999999975
6.76,7.175513551727583,6.759999999999992
1.82,1.767863399903102,1.8199999999999974
1.0,0.7581877173679192,1.0
2.27,2.123326929047468,2.2699999999999947
0.8,0.632231901467712,0.8000000000000012
15.15,14.88556666715511,15.15000000000006
0.6,0.5236542271434237,0.5999999999999976
18.18,17.941632987436833,18.179999999999936
0.4,0.5656204310737287,0.40000000000000135
4.05,4.205278386583904,4.049999999999987
9.09,8.827768447484468,9.089999999999968
8.11,8.657591636871311,8.109999999999964
0.6,0.5067413231372342,0.5999999999999976
18.18,17.93442762569709,18.179999999999936
0.75,0.502903467600551,0.75
15.15,14.90374758702454,15.15000000000006
1.5,1.0437442993249246,1.5
0.4,0.582412053306876,0.40000000000000135
12.12,11.85691478798718,12.119999999999932
5.41,5.68231667444487,5.409999999999996
6.76,7.159732848836507,6.759999999999992
1.5,1.049776885829822,1.5
6.06,5.782959254474422,6.059999999999967
5.41,5.6809285083038485,5.409999999999996
4.05,4.194451871829169,4.049999999999987
1.82,1.7854337064344312,1.8199999999999974
0.5,0.570931376806536,0.5
0.5,0.5486720430929743,0.5
0.75,0.5033345383324912,0.75
1.36,1.222202483195689,1.3600000000000079
10.14,10.85584559021104,10.140000000000049
2.7,2.7205582225329135,2.699999999999995
6.06,5.776871765397315,6.059999999999967
10.14,10.865035976026327,10.140000000000049
0.75,0.512133315211817,0.75
2.27,2.120034169456141,2.2699999999999947
5.41,5.696090728961803,5.409999999999996
4.05,4.1901996372243975,4.049999999999987
0.2,0.5794760849042779,0.20000000000000032
0.4,0.5588402994995709,0.40000000000000135
1.5,1.037247768543851,1.5
4.05,4.194882442592009,4.049999999999987
10.14,10.864861106644376,10.140000000000049
22.73,22.500357880488043,22.72999999999997
15.15,14.89332347603984,15.15000000000006
18.18,17.93707096058473,18.179999999999936
18.18,17.932750671183467,18.179999999999936
8.11,8.629181358341416,8.109999999999964
12.12,11.856360375719962,12.119999999999932
6.76,7.166652459273103,6.759999999999992
0.5,0.5393111124343175,0.5
0.75,0.50880781907893,0.75
9.09,8.839137548766487,9.089999999999968
9.09,8.811411847646962,9.08999999999997
2.73,2.56870303273069,2.7300000000000155
1.36,1.244488396477538,1.3600000000000079
0.5,0.5422134427654113,0.5
5.41,5.670925056987163,5.409999999999996
12.12,11.860918854311684,12.119999999999932
8.11,8.634565063968015,8.109999999999964
0.6,0.5128895153349475,0.5999999999999975
3.41,3.2088890910887318,3.4100000000000006
4.55,4.740647462422791,4.549999999999983
5.45,5.74114350749132,5.450000000000024
1.0,0.7470462544883589,1.0
0.5,0.528965446853122,0.5
6.82,7.223590015910469,6.820000000000002
1.5,1.0469562040057365,1.5
4.05,4.186145127396163,4.049999999999987
0.5,0.545798487474789,0.5
0.3,0.583737045976644,0.29999999999999877
10.14,10.857894916280369,10.140000000000049
15.15,14.899461345464356,15.15000000000006
0.91,0.8127545872404172,0.9099999999999971
1.2,0.8473530236316971,1.1999999999999955
1.0,0.7452605232367415,1.0
10.14,10.859236205490014,10.140000000000049
6.82,7.216545499408973,6.820000000000002
0.91,0.7830157415446295,0.9099999999999971
1.82,1.771459633904628,1.8199999999999974
0.6,0.5143967972173416,0.5999999999999976
1.82,1.7822949770804994,1.8199999999999974
2.73,2.759074521893459,2.7300000000000155
15.15,14.886399713563751,15.15000000000006
2.73,2.552896418640193,2.7300000000000155
6.06,5.789856870752753,6.059999999999967
0.8,0.6211206565551395,0.8000000000000012
3.64,3.7532982645311956,3.639999999999987
4.55,4.749223520664731,4.549999999999983
9.09,8.84134998057871,9.089999999999968
1.36,1.2175271618688916,1.3600000000000079
0.4,0.40348403652006226,0.40000000000000135
4.55,4.752885055872546,4.549999999999983
6.06,5.7851704622862155,6.059999999999967
3.64,3.7526069182388646,3.639999999999987
15.15,14.895158588877123,15.15000000000006
5.41,5.670992191296937,5.409999999999996
3.41,3.2189900137184995,3.4100000000000006
1.0,0.7543767077379613,1.0
3.41,3.2289111710397185,3.4100000000000006
4.05,4.201745756414331,4.049999999999987
10.14,10.861831847923119,10.140000000000049
1.82,1.7600193623756044,1.8199999999999974
9.09,8.819431841649676,9.089999999999968
0.6,0.5155097019308021,0.5999999999999976
6.82,7.208786267774201,6.820000000000002
6.76,7.164304061934871,6.759999999999992
0.2,0.5882391387149859,0.20000000000000032
0.5,0.5457603068634427,0.5
3.64,3.744457991949174,3.639999999999987
0.2,0.5969020378378707,0.20000000000000032
10.14,10.868412378911806,10.140000000000049
12.12,11.860764093732774,12.119999999999933
0.5,0.5462731771974303,0.5
1.82,1.7674212909151743,1.8199999999999974
4.55,4.74127157486006,4.549999999999983
2.27,2.1175286617667117,2.2699999999999947
22.73,22.47890570417045,22.729999999999965
1.5,1.0384889436583773,1.5
5.41,5.672662449465137,5.409999999999996
0.6,0.5056958136261143,0.5999999999999976
1.82,1.7684218868704837,1.8199999999999974
1.5,1.0264829485981322,1.5
5.45,5.7472178135536955,5.450000000000024
1.2,0.8538430975655915,1.1999999999999955
0.4,0.3867748474361896,0.40000000000000135
15.15,14.89976665317257,15.15000000000006
12.12,11.862703306520046,12.119999999999932
0.75,0.5058903179708985,0.75
0.8,0.6281886796817817,0.8000000000000012
6.76,7.153850360764079,6.759999999999992
3.41,3.264714562642803,3.4100000000000006
3.64,3.7395991135448887,3.639999999999987
0.6,0.522409915652104,0.5999999999999976
2.73,2.5610567876858807,2.7300000000000155
1.5,1.043720347775864,1.5
5.41,5.685821778789667,5.409999999999996
15.15,14.90590739824611,15.15000000000006
0.6,0.5090319921074595,0.5999999999999976
0.2,0.5985085344292056,0.20000000000000032
2.73,2.5502818770010562,2.7300000000000155
9.09,8.821609097978829,9.089999999999968
0.2,0.5774813477431424,0.20000000000000032
0.3,0.5703863077284073,0.29999999999999877
6.76,7.156965069369216,6.759999999999992
2.7,2.7113254349042597,2.6999999999999944
4.05,4.223194542965416,4.049999999999987
3.41,3.2227771356074,3.4100000000000006
15.15,14.902034029312304,15.15000000000006
6.76,7.1616204766858935,6.759999999999992
3.41,3.2461758552008435,3.4100000000000006
0.5,0.5515393301595157,0.5
9.09,8.818833850990742,9.089999999999968
1.5,1.022634471304353,1.5
0.75,0.5059359395545755,0.75
6.06,5.784458909588655,6.059999999999967
18.18,17.940466692408734,18.179999999999936
0.4,0.3756262172149256,0.40000000000000135
15.15,14.896645665459445,15.15000000000006
6.82,7.232160168831209,6.820000000000002
22.73,22.50045826045628,22.72999999999997
2.73,2.7785034559037953,2.7300000000000155
2.27,2.140672139282112,2.2699999999999947
0.8,0.6248389864097597,0.8000000000000012
15.15,14.899163268616544,15.15000000000006
8.11,8.658369941445786,8.109999999999964
4.05,4.183221629335123,4.049999999999987
0.2,0.5915469236762725,0.20000000000000032
5.41,5.670065901565735,5.409999999999996
0.4,0.5618759728230591,0.40000000000000135
2.27,2.1176716798675486,2.2699999999999947
3.41,3.235116850608999,3.4100000000000006
0.3,0.5703889934616901,0.29999999999999877
2.7,2.7121127469366515,2.6999999999999944
2.73,2.7627991211707936,2.7300000000000155
2.73,2.5591851957470686,2.7300000000000155
0.6,0.4960076178683046,0.5999999999999975
2.73,2.573892040104009,2.7300000000000155
6.76,7.15214967863092,6.759999999999992
0.8,0.6260793007125365,0.8000000000000012
4.55,4.746094105416555,4.549999999999983
0.75,0.5056493898740984,0.75
1.5,1.028941109234065,1.5
0.4,0.3911905506321487,0.40000000000000135
1.2,0.8545139654100655,1.1999999999999955
1.82,1.7858151491364662,1.8199999999999972
22.73,22.484334540924333,22.729999999999965
5.45,5.740105657031588,5.450000000000024
0.8,0.6224480428564556,0.8000000000000012
0.91,0.7716203596487765,0.9099999999999971
18.18,17.933818513338313,18.179999999999936
0.5,0.5369699574789131,0.5
10.14,10.876317040343459,10.140000000000049
1.82,1.771584277739683,1.8199999999999974
5.45,5.7351769031442545,5.450000000000024
2.73,2.778303174184758,2.7300000000000155
1.5,1.0337196573836502,1.5
0.8,0.6168022352961176,0.8000000000000012
0.5,0.5344931013418162,0.5
6.82,7.242645656850412,6.820000000000002
5.41,5.670833702771569,5.409999999999996
10.14,10.878258557129758,10.140000000000049
1.36,1.216868276037232,1.3600000000000079
1.5,1.0377090726107445,1.5
0.4,0.5540926064586733,0.40000000000000135
0.4,0.5626114854233348,0.40000000000000135
2.7,2.707194156670086,2.699999999999995
0.5,0.5553806960943053,0.5
0.91,0.7950378481608968,0.9099999999999971
2.27,2.1190978903477227,2.2699999999999947
18.18,17.92215560379451,18.179999999999936
12.12,11.862046129523872,12.119999999999932
0.6,0.526381764665965,0.5999999999999976
0.4,0.3845463065308907,0.40000000000000135
1.5,1.0284718464210818,1.5
6.76,7.156111031351905,6.759999999999992
0.4,0.3881662289669592,0.40000000000000135
6.76,7.186062249329314,6.759999999999992
3.41,3.229182300939166,3.4100000000000006
1.5,1.0518396332877487,1.5
2.73,2.7535113262051043,2.7300000000000155
0.6,0.5247147223192838,0.5999999999999975
3.41,3.2318835931049232,3.4100000000000006
1.82,1.7706015398278763,1.8199999999999974
0.5,0.5440146462128119,0.5
2.73,2.5694122414028624,2.7300000000000155
0.5,0.5664584573052007,0.5
5.45,5.741795597218708,5.450000000000024
5.45,5.745331936941792,5.450000000000024
18.18,17.937103140245146,18.179999999999936
9.09,8.81628015076225,9.089999999999968
2.7,2.703218386745222,2.699999999999995
0.8,0.6185949604444705,0.8000000000000012
0.5,0.5552775068548037,0.5
6.76,7.165335788407932,6.759999999999992
2.7,2.7206363036684733,2.6999999999999944
2.27,2.119445251115068,2.2699999999999947
1.36,1.2268107947780535,1.3600000000000079
2.73,2.7631434310045275,2.7300000000000155
8.11,8.640452670975833,8.109999999999964
1.0,0.7558492097412013,1.0
22.73,22.491019525966795,22.729999999999965
6.76,7.148861500131421,6.759999999999992
22.73,22.504891141481554,22.729999999999965
0.2,0.5947485792842189,0.20000000000000032
1.0,0.7403673340406351,1.0
10.14,10.85126444315246,10.140000000000049
1.2,0.8757513365558864,1.1999999999999955
2.73,2.577285954958333,2.7300000000000155
5.41,5.681670110529874,5.409999999999996
1.2,0.8611446115779584,1.1999999999999955
0.2,0.5979832540599563,0.20000000000000032
0.2,0.5753556599788849,0.20000000000000032
2.73,2.569540291793689,2.7300000000000155
0.6,0.5123507930263376,0.5999999999999976
1.5,1.0578959849683587,1.5
12.12,11.861884349413955,12.119999999999932
4.05,4.201287285726918,4.049999999999987
6.76,7.1585585285281175,6.759999999999992
0.6,0.5083327169737757,0.5999999999999976
2.7,2.729485286012518,2.699999999999995
0.5,0.5401285782790417,0.5
2.27,2.1087626827767756,2.2699999999999947
3.64,3.758325148803202,3.639999999999987
6.06,5.808012252436715,6.059999999999967
6.82,7.19937890417164,6.820000000000002
2.7,2.706831248789065,2.6999999999999944
2.27,2.1071955598022707,2.2699999999999947
9.09,8.838478000222256,9.08999999999997
2.7,2.716085036941505,2.699999999999995
0.4,0.3777859046200964,0.40000000000000135
1.82,1.7672490830178478,1.8199999999999974
2.73,2.571465068162078,2.7300000000000155
1.36,1.2374737252658825,1.3600000000000079
18.18,17.93708393945977,18.179999999999936
4.05,4.19118897543523,4.049999999999987
0.6,0.5330860068129368,0.5999999999999976
15.15,14.880647475842345,15.150000000000059
0.2,0.588693667404522,0.20000000000000032
2.27,2.119561780117067,2.2699999999999947
0.3,0.563115861217943,0.29999999999999877
0.8,0.6331612110359242,0.8000000000000012
1.82,1.6875824731014246,1.8199999999999972
4.05,4.203675018971712,4.049999999999987
0.6,0.5246114852674397,0.5999999999999975
8.11,8.62551308972494,8.109999999999964
8.11,8.639720753303283,8.109999999999964
1.82,1.6873647312967344,1.8199999999999972
15.15,14.893020264872028,15.15000000000006
3.41,3.219773350682982,3.4100000000000006
4.55,4.736968655594407,4.549999999999983
5.45,5.72934857685976,5.450000000000024
1.82,1.7776393079431627,1.8199999999999972
2.73,2.756486091736541,2.7300000000000155
2.7,2.713252060133653,2.699999999999995
0.3,0.566987034751584,0.29999999999999877
0.75,0.5049075127387139,0.75
8.11,8.634080939234117,8.109999999999964
2.7,2.6920113382269033,2.699999999999995
1.0,0.7428350473508285,1.0
3.41,3.206774789644029,3.4100000000000006
0.8,0.6261315394242954,0.8000000000000012
15.15,14.89939721067702,15.15000000000006
1.82,1.771277460368089,1.8199999999999974
5.45,5.752551046380885,5.450000000000024
0.2,0.5764022451237949,0.20000000000000032
18.18,17.927604929725284,18.179999999999936
2.73,2.7567886742420367,2.7300000000000155
4.55,4.756221234336063,4.549999999999984
1.0,0.7366959023817352,1.0
6.82,7.227923797959443,6.820000000000002
6.82,7.233669415791441,6.820000000000002
10.14,10.864327043360804,10.140000000000047
1.2,0.864726571238088,1.1999999999999955
9.09,8.841924404722398,9.089999999999968
2.7,2.717034215111254,2.699999999999995
6.06,5.79355598464383,6.059999999999967
0.6,0.5151803383328666,0.5999999999999975
0.2,0.6093918919548722,0.20000000000000032
0.2,0.5892369318919934,0.20000000000000032
1.36,1.2378444212065194,1.3600000000000079
6.82,7.22610165479349,6.820000000000002
1.2,0.8678379473332543,1.1999999999999955
3.64,3.7536751922997684,3.639999999999987
6.76,7.138470721691773,6.759999999999992
3.64,3.7532654573932125,3.639999999999987
1.2,0.8655828158563272,1.1999999999999955
0.4,0.3812180085365169,0.40000000000000135
1.82,1.6607964218922016,1.8199999999999972
2.7,2.7228492153802355,2.6999999999999944
4.05,4.199416905739217,4.049999999999987
2.27,2.1149787761227246,2.2699999999999947
15.15,14.88766560773098,15.15000000000006
0.4,0.5614039864939775,0.40000000000000135
1.2,0.8695269470977323,1.1999999999999955
2.27,2.142866783381238,2.2699999999999947
5.41,5.68159877680588,5.409999999999996
6.76,7.163356184373156,6.759999999999992
2.27,2.123813682460141,2.2699999999999947
4.05,4.203586512192691,4.049999999999988
0.2,0.5839617974447737,0.20000000000000032
1.5,1.0673270635876806,1.5
1.0,0.7419875645042833,1.0
1.36,1.2246279493819419,1.3600000000000079
3.41,3.225681112770348,3.4100000000000006
4.55,4.752658550150814,4.549999999999983
5.41,5.68138152755347,5.409999999999996
4.05,4.201579290587909,4.049999999999987
12.12,11.852728588349734,12.119999999999932
0.91,0.7990831943099472,0.9099999999999971
6.76,7.150077017639722,6.759999999999992
0.8,0.6245293704219836,0.8000000000000012
8.11,8.63974357647023,8.109999999999964
0.75,0.5030858467098556,0.75
2.7,2.6879996768625753,2.699999999999995
1.36,1.2278530109023493,1.3600000000000079
2.27,2.1233901212933883,2.2699999999999947
1.0,0.7183131746495626,1.0
0.75,0.49244373383215834,0.75
1.82,1.774409683986661,1.8199999999999974
0.8,0.6187778794333791,0.8000000000000012
2.27,2.1187556689989826,2.2699999999999947
0.4,0.3898521442159799,0.40000000000000135
6.06,5.7831223671995255,6.059999999999967
4.55,4.735865476477587,4.549999999999983
18.18,17.933386366758576,18.179999999999936
1.36,1.2328393958423423,1.3600000000000079
6.76,7.153061407750492,6.759999999999992
8.11,8.660970617193197,8.109999999999966
10.14,10.856339534667228,10.140000000000049
5.45,5.7402895104179965,5.450000000000024
0.8,0.6471647079120499,0.8000000000000012
5.41,5.682739850261015,5.409999999999996
6.76,7.135965302280102,6.759999999999992
22.73,22.47770402977166,22.729999999999965
1.2,0.8614898271207885,1.1999999999999955
1.5,1.0329769597148304,1.5
2.7,2.686413536152788,2.699999999999995
2.7,2.717199848686816,2.6999999999999944
9.09,8.816019120402833,9.08999999999997
0.91,0.7831702520377171,0.9099999999999971
2.7,2.70699792183911,2.6999999999999944
1.82,1.7712267806762658,1.8199999999999974
1.36,1.201083116385207,1.3600000000000079
4.55,4.7380510694390265,4.549999999999983
5.45,5.73608290698753,5.450000000000024
3.41,3.2460601881173687,3.4100000000000006
0.6,0.5268630391471367,0.5999999999999975
1.36,1.2370198798489538,1.3600000000000079
0.2,0.5994252981600665,0.20000000000000032
2.27,2.1022827839333487,2.2699999999999947
15.15,14.890780110163519,15.15000000000006
0.5,0.5457661872000594,0.5
0.4,0.5493919818216746,0.40000000000000135
8.11,8.632668837319551,8.109999999999964
18.18,17.91977917695149,18.179999999999936
15.15,14.894847709432604,15.150000000000059
1.2,0.8748547715607229,1.1999999999999955
0.6,0.5214985668764802,0.5999999999999976
6.82,7.2099002841200495,6.820000000000002
0.3,0.5794976589790428,0.29999999999999877
0.91,0.7721575464188968,0.9099999999999971
1.5,1.0615680631495943,1.5
6.06,5.794605875658412,6.0599999999999685
22.73,22.487271394013874,22.729999999999965
2.7,2.713608115593251,2.6999999999999944
1.82,1.6850367634125654,1.8199999999999972
1.2,0.8639178853335645,1.1999999999999955
15.15,14.901026515077664,15.15000000000006
0.2,0.5860496833923774,0.20000000000000032
1.5,1.037364317017715,1.5
10.14,10.866879611663864,10.140000000000049
4.05,4.20260059748206,4.049999999999987
1.82,1.766727716655998,1.8199999999999974
3.64,3.7680395229439574,3.639999999999987
0.2,0.5904713914893174,0.20000000000000032
1.36,1.2305377188956368,1.3600000000000079
0.4,0.3794125195179143,0.40000000000000135
0.5,0.5454358194188167,0.5
1.82,1.7680209900383002,1.8199999999999974
5.41,5.675064565162996,5.409999999999996
3.41,3.2315427945730817,3.4100000000000006
0.6,0.508415264880596,0.5999999999999976
22.73,22.485994028735767,22.729999999999965
22.73,22.4818476223569,22.72999999999997
0.75,0.5055840971073824,0.75
15.15,14.907772811912,15.150000000000059
15.15,14.891435006636392,15.150000000000059
0.5,0.5462987224737015,0.5
0.8,0.6247266628675856,0.8000000000000012
0.4,0.5537461063124338,0.40000000000000135
22.73,22.4872876690487,22.729999999999965
1.36,1.233087569648185,1.3600000000000079
2.73,2.566377914250829,2.7300000000000155
0.2,0.5800448826242279,0.20000000000000032
5.41,5.691185676415159,5.409999999999996
0.75,0.505226498023366,0.75
9.09,8.814841455373397,9.089999999999968
22.73,22.476366094872528,22.729999999999965
0.91,0.7693810340372362,0.9099999999999971
9.09,8.825028239061595,9.089999999999968
4.05,4.193087420453048,4.049999999999987
4.55,4.734746758434889,4.549999999999983
0.8,0.6315902337269224,0.8000000000000012
3.41,3.2390632674642306,3.4100000000000006
0.75,0.4982009081383323,0.75
2.7,2.7017281777898123,2.6999999999999944
1.0,0.7507442533059687,1.0
2.27,2.125321855208622,2.2699999999999947
0.91,0.7750369071970606,0.9099999999999971
1.82,1.7654308885143712,1.8199999999999974
0.2,0.5830096909870557,0.20000000000000032
1.5,1.0352692514261186,1.5
1.2,0.8549622116177935,1.1999999999999955
22.73,22.48485872466439,22.729999999999965
2.73,2.5625675877978167,2.7300000000000155
2.27,2.103739595155785,2.2699999999999947
1.36,1.2510104393541703,1.3600000000000079
6.06,5.7746621882507325,6.059999999999967
2.7,2.708820437831467,2.699999999999995
2.73,2.5465018886181454,2.7300000000000155
6.06,5.802013836007156,6.059999999999967
2.27,2.144838815200764,2.2699999999999947
1.0,0.7378290372448464,1.0
1.82,1.7675189332795478,1.8199999999999974
8.11,8.642478116525833,8.109999999999964
0.8,0.627862298528358,0.8000000000000012
6.82,7.225490515378415,6.820000000000002
5.45,5.74199912373844,5.450000000000024
22.73,22.476882415357153,22.729999999999965
2.73,2.558358375356378,2.7300000000000155
1.36,1.2254653524581895,1.3600000000000079
1.0,0.7420044588063988,1.0
0.3,0.5826370344808156,0.29999999999999877
3.41,3.2330349755787564,3.4100000000000006
0.2,0.6002717303505074,0.20000000000000032
3.41,3.2190507046398085,3.4100000000000006
2.7,2.7261253544898167,2.699999999999995
0.75,0.4981826678760246,0.75
0.4,0.38620721078418896,0.40000000000000135
12.12,11.861083203310324,12.119999999999933
6.06,5.796495408003155,6.059999999999967
0.8,0.63238689947124,0.8000000000000012
10.14,10.845922609008692,10.140000000000049
0.91,0.7974407150486988,0.9099999999999971
0.75,0.5162227713203551,0.75
12.12,11.859914726498051,12.119999999999933
0.3,0.5862751637722372,0.29999999999999877
0.8,0.6288645944608993,0.8000000000000012
9.09,8.8239436706559,9.089999999999968
9.09,8.831654378022133,9.089999999999968
6.82,7.219648368734548,6.820000000000002
6.06,5.786648322309316,6.059999999999967
0.91,0.7822154612023975,0.9099999999999971
1.82,1.7698918409498323,1.8199999999999974
1.0,0.7370990089440057,1.0
2.7,2.7161564549499273,2.6999999999999944
6.76,7.165153355348606,6.759999999999992
0.8,0.6133866521495772,0.8000000000000012
12.12,11.850214894112339,12.119999999999932
1.2,0.8553695570948938,1.1999999999999955
4.05,4.197432483339518,4.049999999999987
5.45,5.707688382325772,5.450000000000022
10.14,10.868181031884127,10.140000000000049
1.82,1.6612861304413422,1.8199999999999974
5.45,5.744295501067965,5.450000000000024
1.2,0.8559895113014675,1.1999999999999955
0.3,0.5676257418996107,0.29999999999999877
1.5,1.0292664717628988,1.5
22.73,22.475303037211308,22.729999999999965
0.2,0.5759863854589531,0.20000000000000032
4.05,4.205462805803128,4.049999999999987
1.5,1.0629435753150234,1.5
5.41,5.6872527059457925,5.409999999999996
0.6,0.4944564053702747,0.5999999999999975
12.12,11.872598901713761,12.119999999999932
2.73,2.5621517981151314,2.7300000000000155
15.15,14.902023314899008,15.150000000000059
6.82,7.22218319788977,6.820000000000002
5.45,5.7487596583399245,5.450000000000024
2.7,2.7209201524434885,2.6999999999999944
0.3,0.5659497729013312,0.29999999999999877
8.11,8.649636961949644,8.109999999999964
2.27,2.1060254770783655,2.2699999999999947
0.8,0.6172358640131819,0.8000000000000012
0.4,0.5496742655608484,0.40000000000000135
4.55,4.757489483807005,4.549999999999983
9.09,8.804612218572657,9.089999999999968
4.05,4.184120826020529,4.049999999999987
1.82,1.6980631224158271,1.8199999999999974
0.75,0.5053635957940479,0.75
9.09,8.838903791870337,9.089999999999968
1.2,0.8610899148049134,1.1999999999999955
18.18,17.9290939091236,18.179999999999936
0.75,0.5055061259972309,0.75
8.11,8.638060281850768,8.109999999999964
9.09,8.837521563997743,9.089999999999968
0.4,0.5571315154422667,0.40000000000000135
22.73,22.495357709239016,22.729999999999965
18.18,17.93490984786716,18.179999999999936
10.14,10.871297275263089,10.140000000000047
12.12,11.859641568079908,12.119999999999932
9.09,8.841988902623257,9.089999999999968
12.12,11.85181449219943,12.119999999999932
12.12,11.86680825236726,12.119999999999933
6.76,7.170736086827061,6.759999999999992
0.3,0.5832520731948003,0.29999999999999877
4.05,4.196539357935904,4.049999999999987
12.12,11.86015816868213,12.119999999999933
4.05,4.198818953739155,4.049999999999987
6.82,7.225762640272878,6.820000000000002
3.41,3.230109910270378,3.4100000000000006
4.05,4.202585089785035,4.049999999999987
3.64,3.7486203258756756,3.639999999999987
6.06,5.814677664781214,6.059999999999967
0.75,0.5081445225461394,0.75
2.73,2.760345524181163,2.7300000000000155
1.82,1.6526301762044433,1.8199999999999974
9.09,8.82953244140015,9.089999999999968
4.05,4.206982967614362,4.049999999999987
2.73,2.549379675177331,2.7300000000000155
0.8,0.6195353341735945,0.8000000000000012
0.5,0.5476596876580988,0.5
2.73,2.5469783089160156,2.7300000000000155
2.73,2.55138283612002,2.7300000000000155
6.06,5.791435329410102,6.059999999999967
3.64,3.7431924125032863,3.639999999999987
0.5,0.5514784069883385,0.5
1.5,1.0388864568597724,1.5
0.91,0.7668974683576479,0.9099999999999971
2.73,2.562882947417377,2.7300000000000155
4.55,4.7513724003877815,4.549999999999983
22.73,22.508046789170734,22.72999999999997
6.06,5.794383202046999,6.059999999999967
0.6,0.5109978854651622,0.5999999999999976
22.73,22.486543680010946,22.729999999999965
1.2,0.8663859105415708,1.1999999999999955
4.05,4.205848074777362,4.049999999999987
9.09,8.81630269845171,9.089999999999968
0.91,0.7760129363739248,0.9099999999999971
0.6,0.5072719253428737,0.5999999999999976
15.15,14.879968425145783,15.15000000000006
1.82,1.7783122639673214,1.8199999999999974
8.11,8.641367781120927,8.109999999999964
4.55,4.744595249382264,4.549999999999983
0.2,0.5946029316630366,0.20000000000000032
1.2,0.8625665556634834,1.1999999999999955
5.41,5.673417236496238,5.409999999999996
10.14,10.842721587665823,10.140000000000049
6.82,7.244183827555782,6.820000000000002
1.82,1.7671408758424891,1.8199999999999974
9.09,8.829175645714887,9.089999999999968
1.2,0.8674612590590969,1.1999999999999955
2.7,2.725855741290611,2.6999999999999944
5.45,5.732509726850898,5.450000000000024
0.4,0.3890114150360118,0.40000000000000135
9.09,8.819548373181481,9.089999999999968
0.4,0.551041649612924,0.40000000000000135
0.91,0.7812402541987931,0.9099999999999971
1.2,0.8690260226418012,1.1999999999999955
2.7,2.700774781072752,2.6999999999999944
15.15,14.883606200978438,15.15000000000006
1.2,0.8762390473839097,1.1999999999999955
22.73,22.498168254698943,22.729999999999965
2.27,2.1154613401716365,2.2699999999999947
5.45,5.750996185863452,5.450000000000024
6.06,5.785053360688598,6.059999999999967
6.06,5.79896566910812,6.059999999999967
8.11,8.640129018245828,8.109999999999964
0.8,0.6220579698453408,0.8000000000000012
0.75,0.5139369503699855,0.75
6.82,7.222284012059985,6.820000000000002
0.75,0.49875764228671216,0.75
2.73,2.7600717653349633,2.7300000000000155
15.15,14.890437316375138,15.150000000000059
0.2,0.5831967274062624,0.20000000000000032
3.41,3.2385458055629424,3.4100000000000006
0.2,0.5808717931700569,0.20000000000000032
4.55,4.752556023278273,4.549999999999983
6.06,5.80103047897166,6.0599999999999685
15.15,14.89347428283953,15.15000000000006
1.5,1.0356122025559804,1.5
0.5,0.5456900262959357,0.5
6.76,7.157313027385469,6.759999999999992
1.5,1.0428928529596293,1.5
18.18,17.921432502061695,18.179999999999936
3.41,3.23375247717308,3.4100000000000006
18.18,17.9422690434065,18.179999999999936
3.41,3.23890299868975,3.4100000000000006
1.5,1.0470700489814124,1.5
1.0,0.7424032529234923,1.0
18.18,17.932945067371502,18.179999999999936
0.3,0.5780464665992602,0.29999999999999877
1.36,1.2402544581585202,1.3600000000000079
0.8,0.6189772802658879,0.8000000000000012
0.4,0.5612027970422107,0.40000000000000135
6.06,5.80122572681465,6.0599999999999685
0.91,0.8023251614829543,0.9099999999999971
2.73,2.7745534693573393,2.7300000000000155
0.6,0.49539810344734825,0.5999999999999975
0.6,0.5377537068296219,0.5999999999999976
0.4,0.5627485321451804,0.40000000000000135
6.76,7.165582803621304,6.759999999999992
6.06,5.812340563165916,6.059999999999967
2.27,2.0963553792852,2.2699999999999947
0.2,0.5955811791626768,0.20000000000000032
3.64,3.7480583441799933,3.639999999999987
15.15,14.894167265094055,15.15000000000006
2.73,2.7502183756312704,2.7300000000000155
0.6,0.5385883246507603,0.5999999999999976
0.4,0.3740585462266468,0.40000000000000135
1.5,1.028139885699877,1.5
1.82,1.6735809731015427,1.8199999999999974
1.36,1.2255499164161883,1.3600000000000079
9.09,8.826909552737185,9.089999999999968
0.4,0.5607721620757466,0.40000000000000135
0.5,0.5369982696890272,0.5
0.5,0.5497500787611598,0.5
0.91,0.7791373341591816,0.9099999999999971
0.75,0.5062074734714885,0.75
8.11,8.644967843352893,8.109999999999964
5.45,5.744271722299495,5.450000000000024
0.6,0.5124031988126179,0.5999999999999975
0.3,0.5681316278388557,0.29999999999999877
3.41,3.2293092465730453,3.4100000000000006
0.8,0.6093073580201551,0.8000000000000012
6.76,7.154095001268095,6.759999999999992
0.2,0.591476185251528,0.20000000000000032
6.82,7.223545725756868,6.820000000000002
0.91,0.7859656753995812,0.9099999999999971
22.73,22.474201451095702,22.729999999999965
5.41,5.672882591166896,5.409999999999996
18.18,17.939727336692716,18.179999999999936
0.4,0.5442854197335398,0.40000000000000135
0.75,0.5152210991151103,0.75
1.82,1.7725780761934846,1.8199999999999972
2.27,2.114108961736809,2.2699999999999947
9.09,8.823551863333783,9.089999999999968
6.82,7.238901827354218,6.820000000000002
1.82,1.7590746088863383,1.8199999999999974
9.09,8.838647801734975,9.089999999999968
0.6,0.5019328691875806,0.5999999999999975
12.12,11.861377105969453,12.119999999999932
0.8,0.627626737275393,0.8000000000000012
1.36,1.2547187078506048,1.3600000000000079
2.73,2.562086780760966,2.7300000000000155
18.18,17.960112057238316,18.179999999999936
0.8,0.6263855251988524,0.8000000000000012
12.12,11.85249025769286,12.119999999999932
0.91,0.7876945686473618,0.9099999999999971
1.2,0.8524516695933517,1.1999999999999955
1.82,1.671300160818744,1.8199999999999974
5.41,5.681885882571048,5.409999999999996
2.7,2.715705854216677,2.6999999999999944
4.05,4.20053131456622,4.049999999999987
4.05,4.202505579921842,4.049999999999987
22.73,22.488399044158722,22.729999999999965
0.3,0.5701814557739402,0.29999999999999877
9.09,8.815467177078904,9.089999999999968
5.41,5.6755712972938,5.409999999999996
15.15,14.90798132075641,15.15000000000006
3.41,3.2343349117656075,3.4100000000000006
4.05,4.193344044036004,4.049999999999987
1.5,1.0415982188307438,1.5
2.73,2.7542223603096305,2.7300000000000155
1.36,1.2085161843028858,1.3600000000000079
6.82,7.224795897949481,6.820000000000002
2.73,2.7573099260505316,2.7300000000000155
2.73,2.7724507816903,2.7300000000000155
1.2,0.8559919437000483,1.1999999999999955
3.64,3.7547384423616217,3.639999999999987
22.73,22.479337053787834,22.729999999999965
0.8,0.6294074848402706,0.8000000000000012
0.6,0.4999777823594309,0.5999999999999976
2.73,2.5448125928941403,2.7300000000000155
2.27,2.110561639359244,2.2699999999999947
22.73,22.512142068422808,22.729999999999965
4.05,4.209167475179892,4.049999999999987
15.15,14.908391232001797,15.15000000000006
5.41,5.68440566007741,5.409999999999996
0.5,0.5399798329564556,0.5
0.5,0.5389920190889894,0.5
5.45,5.748672889231619,5.450000000000024
22.73,22.49172026949137,22.729999999999965
18.18,17.938158095693417,18.179999999999936
0.6,0.5283421693897541,0.5999999999999976
2.73,2.5545974724387595,2.7300000000000155
8.11,8.648591929858567,8.109999999999964
0.91,0.7937195989882571,0.9099999999999971
15.15,14.904173028585252,15.15000000000006
4.05,4.188392004836683,4.049999999999987
3.64,3.7631262013503353,3.639999999999987
4.55,4.737928190482393,4.549999999999983
10.14,10.856638328711417,10.140000000000049
12.12,11.853814743987229,12.119999999999932
1.5,1.0363298412184316,1.5
5.41,5.674249971096824,5.409999999999996
1.36,1.227856313592735,1.3600000000000079
8.11,8.630359726958165,8.109999999999964
2.73,2.5576665184760388,2.7300000000000155
4.55,4.741389609694137,4.549999999999983
0.91,0.7784393701152994,0.9099999999999971
10.14,10.853221745009535,10.140000000000049
12.12,11.852254499142521,12.119999999999932
18.18,17.927091756984222,18.179999999999936
10.14,10.884183674315453,10.140000000000049
5.41,5.679233309721267,5.409999999999996
0.4,0.3813068258051038,0.40000000000000135
6.76,7.162616690012979,6.759999999999992
0.8,0.629062475291426,0.8000000000000012
3.64,3.7553365849686484,3.639999999999987
1.0,0.7447851676230552,1.0
0.3,0.5702439964077648,0.29999999999999877
12.12,11.87059519785187,12.119999999999932
4.05,4.185779596915819,4.049999999999987
5.45,5.746804436669823,5.450000000000024
0.75,0.5317290844197009,0.75
8.11,8.654707660969056,8.109999999999964
8.11,8.63946238158223,8.109999999999964
2.73,2.759512423586359,2.7300000000000155
22.73,22.503507972009196,22.729999999999965
0.91,0.7879508530476551,0.9099999999999971
2.73,2.5524081907268803,2.7300000000000155
1.82,1.7666256375198657,1.8199999999999972
3.64,3.7427417236882814,3.639999999999987
8.11,8.621566145877697,8.109999999999964
2.27,2.100651045756069,2.2699999999999947
4.05,4.196193097450361,4.049999999999987
5.41,5.678015630663934,5.409999999999996
2.73,2.560610305653193,2.7300000000000155
0.3,0.5686956444364526,0.29999999999999877
12.12,11.860023732014639,12.119999999999933
4.05,4.194212087807181,4.049999999999987
0.5,0.5267149558647155,0.5
0.4,0.5621124611078656,0.40000000000000135
3.64,3.759761183018877,3.639999999999987
6.82,7.242482226131742,6.820000000000002
0.5,0.573423444446111,0.5
0.6,0.524202358386634,0.5999999999999975
9.09,8.829763595572267,9.089999999999968
0.91,0.7727117747335681,0.9099999999999971
12.12,11.855484671895411,12.119999999999932
0.8,0.6155778584805418,0.8000000000000012
0.75,0.5071215359752612,0.75
6.76,7.154747391498576,6.759999999999992
0.91,0.7826512582333907,0.9099999999999971
1.82,1.7699570493084185,1.8199999999999974
9.09,8.808248581408728,9.089999999999968
6.82,7.2222544542500495,6.820000000000002
0.5,0.5516900664372306,0.5
0.75,0.4986230912521519,0.75
8.11,8.637037120350975,8.109999999999964
5.41,5.669405907019873,5.409999999999996
0.75,0.49315622658349856,0.75
0.3,0.5747158423284979,0.29999999999999877
15.15,14.899636711885162,15.150000000000059
18.18,17.936270133374116,18.179999999999936
0.5,0.5379055951986036,0.5
0.3,0.5756023871638059,0.29999999999999877
0.75,0.49956555827948623,0.75
12.12,11.860639569157884,12.119999999999932
0.4,0.3756024930800601,0.40000000000000135
0.4,0.5565947535025293,0.40000000000000135
9.09,8.814115469512867,9.089999999999968
5.41,5.672955487055555,5.409999999999996
1.82,1.7659213463141552,1.8199999999999974
0.75,0.5183054412469694,0.75
6.76,7.153554062835906,6.759999999999992
0.4,0.5580997824689673,0.40000000000000135
5.41,5.679381654993583,5.409999999999996
1.0,0.745112541382674,1.0
5.45,5.736979642237369,5.450000000000024
0.91,0.7718162064080136,0.9099999999999971
6.06,5.79016054643371,6.059999999999967
3.41,3.230056091333849,3.4100000000000006
0.4,0.3980673036336606,0.40000000000000135
15.15,14.896592297706427,15.15000000000006
6.76,7.1707513930865225,6.759999999999992
4.55,4.752556796758449,4.549999999999983
1.82,1.7642845323291927,1.8199999999999974
1.0,0.743006716856248,1.0
3.41,3.2392762153660186,3.4100000000000006
6.82,7.245362978194702,6.820000000000002
0.4,0.5625786227269076,0.40000000000000135
6.76,7.1474573424084085,6.759999999999992
18.18,17.92825695805602,18.179999999999936
1.36,1.203907656850928,1.3600000000000079
1.82,1.663012197565593,1.8199999999999974
0.6,0.49739294856425253,0.5999999999999975
0.2,0.5731421533923342,0.20000000000000032
0.4,0.5553821995466777,0.40000000000000135
12.12,11.863417014558305,12.119999999999932
5.41,5.68397273540049,5.409999999999996
6.82,7.217889601455339,6.820000000000002
0.75,0.502900465603692,0.75
0.75,0.5178026836643932,0.75
0.75,0.5064564935915712,0.75
0.2,0.5908706370172006,0.20000000000000032
2.7,2.7079929490253667,2.699999999999995
0.91,0.8087170236794439,0.9099999999999971
2.7,2.725030360127967,2.6999999999999944
5.41,5.661819365145633,5.409999999999996
3.41,3.2186524062764956,3.4100000000000006
0.4,0.39790606729650424,0.40000000000000135
0.91,0.791583509203563,0.9099999999999971
10.14,10.852576798307645,10.140000000000049
9.09,8.831753875785179,9.089999999999968
4.05,4.188844480101691,4.049999999999987
6.82,7.225048551404341,6.820000000000002
3.64,3.7621233073229376,3.639999999999987
6.76,7.1559384481961565,6.759999999999992
18.18,17.92563713520202,18.179999999999936
6.76,7.1616935528322205,6.759999999999992
5.45,5.726669326737946,5.450000000000024
1.0,0.7456235197537167,1.0
1.2,0.8420944509046864,1.1999999999999955
2.73,2.774880319494444,2.7300000000000155
1.2,0.8597201533943624,1.1999999999999955
0.75,0.519023480741029,0.75
3.64,3.7663322392257115,3.639999999999987
1.2,0.8395576411354373,1.1999999999999955
8.11,8.639775238980949,8.109999999999964
1.82,1.6685155574659216,1.8199999999999972
2.73,2.5775155975170647,2.7300000000000155
2.73,2.5707897577426566,2.7300000000000155
0.3,0.5924732322975439,0.29999999999999877
6.06,5.803497278380526,6.0599999999999685
5.41,5.684436055897476,5.409999999999996
0.2,0.5972594400128308,0.20000000000000032
2.27,2.1150263091674666,2.2699999999999947
6.06,5.778883648506191,6.059999999999967
0.5,0.5212890002033594,0.5
2.73,2.7627395720681953,2.7300000000000155
1.0,0.7408790613169272,1.0
15.15,14.906760663173781,15.150000000000059
0.2,0.6185993773938074,0.20000000000000032
0.3,0.5664763187551625,0.29999999999999877
0.4,0.5469135990886835,0.40000000000000135
1.0,0.7270857884110802,1.0
0.75,0.4749840784228825,0.75
0.4,0.543772041453261,0.40000000000000135
6.06,5.772701237901633,6.0599999999999685
0.2,0.5733819940868425,0.20000000000000032
5.45,5.707134848208015,5.450000000000022
9.09,8.826535797918826,9.089999999999968
6.76,7.145304626713083,6.759999999999992
4.55,4.746689727517631,4.549999999999983
2.73,2.548569469466921,2.7300000000000155
3.64,3.7468312752761572,3.639999999999987
1.82,1.7746407902924486,1.8199999999999972
15.15,14.90666509137505,15.15000000000006
8.11,8.636103125715191,8.109999999999966
15.15,14.903788531461633,15.150000000000059
6.06,5.811771142945803,6.059999999999967
0.4,0.39183297930539496,0.40000000000000135
0.5,0.5430471715756182,0.5
8.11,8.633806461198994,8.109999999999964
1.36,1.2412901584040488,1.3600000000000079
1.82,1.8008787189101345,1.8199999999999972
4.05,4.196640164463145,4.049999999999987
22.73,22.483445396130445,22.729999999999965
1.82,1.6755290014505304,1.8199999999999974
6.82,7.217423151278778,6.820000000000002
22.73,22.481106879576043,22.729999999999965
0.4,0.38574779684548943,0.40000000000000135
0.4,0.5702267973878374,0.40000000000000135
2.27,2.1096663561359397,2.2699999999999947
12.12,11.855535192507674,12.119999999999932
3.64,3.747445015589582,3.639999999999987
3.64,3.7575191981595806,3.639999999999987
18.18,17.932054926582524,18.179999999999936
22.73,22.485164037188156,22.729999999999965
1.5,1.0310207363025112,1.5
5.41,5.669143537407236,5.409999999999996
12.12,11.862111618915044,12.119999999999932
0.6,0.49564840059806237,0.5999999999999975
3.41,3.2259709324811467,3.4100000000000006
0.5,0.5449126694316258,0.5
6.76,7.158370392891853,6.759999999999992
6.76,7.175779314003471,6.759999999999992
6.82,7.236438523082745,6.820000000000002
1.82,1.7766209911858328,1.8199999999999974
8.11,8.645330275348847,8.109999999999964
18.18,17.931966873510675,18.179999999999936
1.2,0.8684069897429252,1.1999999999999955
0.6,0.5382234504555985,0.5999999999999976
0.6,0.501227039129466,0.5999999999999975
1.82,1.7432349809234968,1.8199999999999972
0.6,0.5247247238300563,0.5999999999999975
6.76,7.160274742442581,6.759999999999992
5.41,5.692000025434921,5.409999999999996
4.05,4.209782879246566,4.049999999999987
2.7,2.716500819513733,2.6999999999999944
3.64,3.742081018923076,3.639999999999987
0.4,0.5788179975835757,0.40000000000000135
0.6,0.5319769553854661,0.5999999999999976
1.5,1.015801934020418,1.5
12.12,11.860117920241938,12.119999999999932
12.12,11.864813352621004,12.119999999999933
0.5,0.5388328366463044,0.5
2.7,2.7149637936410764,2.699999999999995
0.3,0.5756741258432987,0.29999999999999877
18.18,17.932212557581387,18.179999999999936
4.55,4.752627118727991,4.549999999999983
1.82,1.6747830272616966,1.8199999999999974
0.75,0.5331322413830231,0.75
1.36,1.2125151319048437,1.3600000000000079
1.0,0.7441576423072838,1.0
6.06,5.7953546144605435,6.059999999999967
4.05,4.182472567020023,4.049999999999987
2.7,2.7408401668865636,2.6999999999999944
6.76,7.160982145885535,6.759999999999992
22.73,22.48757094713179,22.729999999999965
0.2,0.5878338596362456,0.20000000000000032
2.27,2.12323383264871,2.2699999999999947
12.12,11.869972729029072,12.119999999999933
1.82,1.684218760990202,1.8199999999999972
0.8,0.631025159449309,0.8000000000000012
1.0,0.7416680809450797,1.0
1.36,1.251338485908549,1.3600000000000079
8.11,8.656103045774822,8.109999999999964
2.73,2.5630116579887394,2.7300000000000155
18.18,17.940937707969525,18.179999999999936
0.2,0.6001223647070262,0.20000000000000032
6.06,5.805930762368443,6.0599999999999685
0.8,0.6254505550142628,0.8000000000000012
3.64,3.7610738867983304,3.639999999999987
18.18,17.933648618052224,18.179999999999936
5.45,5.742863910835446,5.450000000000024
1.0,0.732891776395602,1.0
6.82,7.214279248191819,6.820000000000002
3.64,3.7531701079180584,3.639999999999987
15.15,14.915843759980984,15.150000000000059
5.41,5.677856880621048,5.409999999999996
0.4,0.3813124895711546,0.40000000000000135
3.41,3.2201352331711512,3.4100000000000006
6.82,7.221933915378072,6.820000000000002
2.27,2.119971930566862,2.2699999999999947
0.3,0.571305732782605,0.29999999999999877
0.8,0.6211638573992158,0.8000000000000012
2.73,2.7707931390681075,2.7300000000000155
1.5,1.0564458974990982,1.5
0.4,0.5572689549852372,0.40000000000000135
1.82,1.6394664057747077,1.8199999999999972
10.14,10.856837799973851,10.140000000000049
0.3,0.5740386246556257,0.29999999999999877
1.82,1.6767225618366695,1.8199999999999974
10.14,10.859176045592228,10.140000000000049
6.82,7.229657181712454,6.820000000000002
1.2,0.8672148307903607,1.1999999999999955
0.6,0.5380149960741702,0.5999999999999976
0.5,0.549233663866187,0.5
1.82,1.6588678317186938,1.8199999999999974
0.4,0.5651907442312814,0.40000000000000135
1.82,1.67693025831064,1.8199999999999974
8.11,8.629895534002994,8.109999999999964
0.3,0.574835064260542,0.29999999999999877
2.27,2.127341665833205,2.2699999999999947
1.82,1.6618547781273216,1.8199999999999974
1.5,1.0388360706445154,1.5
8.11,8.639783949232209,8.109999999999964
1.5,1.0348322249157658,1.5
6.82,7.220973292987484,6.820000000000002
0.91,0.7847925158806341,0.9099999999999971
2.27,2.113185650984956,2.2699999999999947
22.73,22.483337579152668,22.729999999999965
0.2,0.5828262018140826,0.20000000000000032
2.27,2.1301275647249938,2.2699999999999947
0.5,0.5508019330311118,0.5
0.6,0.5340088627185962,0.5999999999999976
6.82,7.233248661852585,6.820000000000002
12.12,11.854130567039775,12.119999999999932
2.27,2.1151589822047314,2.2699999999999947
1.5,1.0224904369800147,1.5
3.64,3.752730585400465,3.639999999999987
4.55,4.756347265631476,4.549999999999983
1.2,0.8619039269118911,1.1999999999999955
0.8,0.6225902892439832,0.8000000000000012
3.41,3.2370096219281956,3.4100000000000006
18.18,17.916615751248443,18.179999999999936
0.6,0.5511292831275671,0.5999999999999976
0.4,0.40203210929616073,0.40000000000000135
2.7,2.7134550211765296,2.6999999999999944
4.55,4.755152448413951,4.549999999999984
2.27,2.1276938066770743,2.2699999999999947
3.64,3.750235596022894,3.639999999999987
4.05,4.20391917256594,4.049999999999987
9.09,8.832415409562554,9.089999999999968
18.18,17.929456346282578,18.179999999999936
1.36,1.229230677226108,1.3600000000000079
0.6,0.4938866871299705,0.5999999999999975
5.45,5.736537484518955,5.450000000000024
0.75,0.49678036542594484,0.75
1.0,0.7422780836930793,1.0
1.2,0.8881764532895975,1.1999999999999957
1.82,1.6766644742765915,1.8199999999999974
1.0,0.7446581633942078,1.0
0.3,0.5778512754271974,0.29999999999999877
0.6,0.49712323448290796,0.5999999999999976
10.14,10.853360080824574,10.140000000000049
0.4,0.5557887331879483,0.40000000000000135
0.91,0.793520971887606,0.9099999999999971
15.15,14.903987982958245,15.15000000000006
3.64,3.7508545541967333,3.639999999999987
1.82,1.7750138230110912,1.8199999999999974
12.12,11.856440098282532,12.119999999999932
4.55,4.743711327470717,4.549999999999983
1.5,1.0353499590379975,1.5
2.73,2.5621520048928215,2.7300000000000155
1.82,1.7651836444993854,1.8199999999999974
10.14,10.859341271430267,10.140000000000049
8.11,8.63949602451115,8.109999999999964
4.05,4.185983845480899,4.049999999999987
0.3,0.5659041636797717,0.29999999999999877
2.73,2.560403131817853,2.7300000000000155
1.82,1.6781294070663626,1.8199999999999974
8.11,8.609014466533697,8.109999999999964
0.5,0.5354266729531787,0.5
3.64,3.753666127560691,3.639999999999987
1.2,0.8521529642798833,1.1999999999999955
6.82,7.22426236104388,6.820000000000002
5.45,5.725289637907137,5.450000000000024
0.5,0.5497792791867449,0.5
1.82,1.6534170711613934,1.8199999999999972
1.5,1.0397325341870514,1.5
6.76,7.150685923747274,6.759999999999992
1.5,1.0362644836727561,1.5
2.7,2.7183604774357613,2.6999999999999944
0.91,0.7710127225307879,0.9099999999999971
1.82,1.7643640263730465,1.8199999999999974
1.2,0.8788996660727926,1.1999999999999955
0.4,0.5451987446852415,0.40000000000000135
5.41,5.703749732931731,5.409999999999996
2.73,2.5881636109529604,2.7300000000000155
1.36,1.2357024768784761,1.3600000000000079
2.73,2.556097971946489,2.7300000000000155
12.12,11.865752308667322,12.119999999999933
0.91,0.7938354141859061,0.9099999999999971
1.5,1.0295166142700336,1.5
1.2,0.8579697357626688,1.1999999999999955
2.73,2.5735280128212965,2.7300000000000155
1.5,1.038674818959597,1.5
18.18,17.935500452142538,18.179999999999936
15.15,14.882552767481016,15.15000000000006
5.41,5.679934755937918,5.409999999999996
5.41,5.682057331672594,5.409999999999996
22.73,22.48574119728439,22.729999999999965
6.06,5.795918699463951,6.059999999999967
1.0,0.7433835314716926,1.0
1.82,1.7602784954107076,1.8199999999999974
0.91,0.7696292710087662,0.9099999999999971
6.82,7.225169764808097,6.820000000000002
12.12,11.857320267753522,12.119999999999932
2.27,2.1187427358722783,2.2699999999999947
1.36,1.2388810775061136,1.3600000000000079
6.82,7.228640641707166,6.820000000000002
0.2,0.598233152972047,0.20000000000000032
2.73,2.55886983642633,2.7300000000000155
8.11,8.629960159876942,8.109999999999964
4.05,4.20719433143975,4.049999999999987
5.45,5.746318730614383,5.450000000000024
0.4,0.5622205024740383,0.40000000000000135
2.27,2.128767674245117,2.2699999999999947
2.7,2.719848982547432,2.6999999999999944
18.18,17.93685922267714,18.179999999999936
